{"cameraMode":{"drawMode":0,"name":"Shaded","section":"Shading Mode"},"sceneLighting":true,"audioPlay":false,"sceneViewState":{"showFog":true,"showMaterialUpdate":false,"showSkybox":false,"showFlares":true,"showImageEffects":true,"showParticleSystems":true},"in2DMode":false,"pivot":{"x":2.7207415103912355,"y":0.7755184173583984,"z":65.13058471679688},"rotation":{"x":0.33104559779167178,"y":-0.14081372320652009,"z":0.05003252625465393,"w":0.9317073822021484},"size":8.15429401397705,"orthographic":false}