{"cameraMode":{"drawMode":0,"name":"Shaded","section":"Shading Mode"},"sceneLighting":true,"audioPlay":false,"sceneViewState":{"showFog":true,"showMaterialUpdate":false,"showSkybox":true,"showFlares":true,"showImageEffects":true,"showParticleSystems":true},"in2DMode":false,"pivot":{"x":-1.1847057342529297,"y":-6.6369709968566898,"z":95.68999481201172},"rotation":{"x":0.26128798723220827,"y":-0.28288719058036806,"z":0.08039526641368866,"w":0.9193781614303589},"size":111.9444351196289,"orthographic":true}