{"cameraMode":{"drawMode":0,"name":"Shaded","section":"Shading Mode"},"sceneLighting":true,"audioPlay":false,"sceneViewState":{"showFog":true,"showMaterialUpdate":false,"showSkybox":true,"showFlares":true,"showImageEffects":true,"showParticleSystems":true},"in2DMode":false,"pivot":{"x":-2.0847034454345705,"y":6.943029403686523,"z":85.79000091552735},"rotation":{"x":0.4639087915420532,"y":-0.11500733345746994,"z":0.06088614463806152,"w":0.876273512840271},"size":329.7373046875,"orthographic":true}