{"cameraMode":{"drawMode":0,"name":"Shaded","section":"Shading Mode"},"sceneLighting":true,"audioPlay":false,"sceneViewState":{"showFog":true,"showMaterialUpdate":false,"showSkybox":true,"showFlares":true,"showImageEffects":true,"showParticleSystems":true},"in2DMode":false,"pivot":{"x":2.565460443496704,"y":5.686956882476807,"z":66.98462677001953},"rotation":{"x":0.3027198910713196,"y":-0.2023879438638687,"z":0.06594663113355637,"w":0.9290137887001038},"size":13.615507125854493,"orthographic":true}