{"cameraMode":{"drawMode":0,"name":"Shaded","section":"Shading Mode"},"sceneLighting":false,"audioPlay":false,"sceneViewState":{"showFog":true,"showMaterialUpdate":false,"showSkybox":true,"showFlares":true,"showImageEffects":true,"showParticleSystems":true},"in2DMode":false,"pivot":{"x":0.008547300472855568,"y":-8.120001792907715,"z":1.33059823513031},"rotation":{"x":0.15732744336128236,"y":-0.36785051226615908,"z":0.06328404694795609,"w":0.9143138527870178},"size":39.543182373046878,"orthographic":true}