{"cameraMode":{"drawMode":0,"name":"Shaded","section":"Shading Mode"},"sceneLighting":false,"audioPlay":false,"sceneViewState":{"showFog":true,"showMaterialUpdate":false,"showSkybox":true,"showFlares":true,"showImageEffects":true,"showParticleSystems":true},"in2DMode":false,"pivot":{"x":-10.677254676818848,"y":-23.33235740661621,"z":62.45304489135742},"rotation":{"x":0.16375723481178285,"y":-0.3330424427986145,"z":0.058851007372140887,"w":0.9267306327819824},"size":100.654296875,"orthographic":true}