{"cameraMode":{"drawMode":0,"name":"Shaded","section":"Shading Mode"},"sceneLighting":true,"audioPlay":false,"sceneViewState":{"showFog":true,"showMaterialUpdate":false,"showSkybox":true,"showFlares":true,"showImageEffects":true,"showParticleSystems":true},"in2DMode":false,"pivot":{"x":-0.3337673544883728,"y":17.17784881591797,"z":57.89934158325195},"rotation":{"x":0.4016423225402832,"y":-0.05133539438247681,"z":0.022556398063898088,"w":0.9140800833702087},"size":9.809598922729493,"orthographic":true}