{"cameraMode":{"drawMode":0,"name":"Shaded","section":"Shading Mode"},"sceneLighting":true,"audioPlay":false,"sceneViewState":{"showFog":true,"showMaterialUpdate":false,"showSkybox":true,"showFlares":true,"showImageEffects":true,"showParticleSystems":true},"in2DMode":false,"pivot":{"x":0.0,"y":1.748000144958496,"z":7.925663948059082},"rotation":{"x":-0.3049067556858063,"y":0.33071133494377139,"z":-0.11383030563592911,"w":-0.8858395218849182},"size":16.546979904174806,"orthographic":true}