{"cameraMode":{"drawMode":0,"name":"Shaded","section":"Shading Mode"},"sceneLighting":false,"audioPlay":false,"sceneViewState":{"showFog":true,"showMaterialUpdate":false,"showSkybox":true,"showFlares":true,"showImageEffects":true,"showParticleSystems":true},"in2DMode":false,"pivot":{"x":0.9999880790710449,"y":6.335332870483398,"z":10.999998092651368},"rotation":{"x":-0.00466415798291564,"y":0.24410255253314973,"z":-0.0011740624904632569,"w":-0.9697377681732178},"size":29.402706146240236,"orthographic":false}